temps d'acces moyen (en microseconds),nombre d'objets
4,10
3.44,50
2.016,250
2.3216,1250
2.08608,6250
2.2183,31250
2.01809,156250
2.00609,503583